<?xml version="1.0" encoding="UTF-8" ?>
<!-- This file is part of the DITA Open Toolkit project hosted on 
     Sourceforge.net. See the accompanying license.txt file for 
     applicable licenses.-->
<!-- (c) Copyright IBM Corp. 2004, 2006 All Rights Reserved. -->

<!-- 
  | basedir can be specified to other places base on your need.
  |
  | Note: input, output, and temp directories will base on the basedir if 
  | they are relative paths.
  * -->

<project name="sample_all" default="all" basedir=".">
  <!-- Set a property for each environment variable -->
  <property environment="env"/>
  <property name="args.logdir" value="log"></property>
  <property name="dita.extname" value=".xml"/>
  
  <import file="sample_xhtml.xml"/>
  <import file="sample_eclipsehelp.xml"/>
  <import file="sample_javahelp.xml"/>
  <import file="sample_htmlhelp.xml"/>
  <import file="sample_pdf.xml"/>
  <import file="sample_docbook.xml"/>
  
  <!-- invoke all of the sample targets -->
  <target name="all" 
    depends="sample2xhtml, sample2eclipsehelp, sample2javahelp, sample2htmlhelp, sample2pdf, sample2docbook" 
    />
</project>
