<?xml version="1.0" encoding="UTF-8" ?>
<!-- This file is part of the DITA Open Toolkit project hosted on 
     Sourceforge.net. See the accompanying license.txt file for 
     applicable licenses.-->
<!-- (c) Copyright IBM Corp. 2004, 2006 All Rights Reserved. -->
<!-- revise @PLACEHOLDER@ names and values-->

<!-- 
  | basedir can be specified to other places base on your need.
  |
  | Note: input, output, and temp directories will base on the basedir if 
  | they are relative paths.
  * -->

<project name="@PROJECT.NAME@_wordrtf" default="@DELIVERABLE.NAME@2wordrtf" basedir=".">
  
  <!-- dita.dir should point to the toolkit's root directory -->
  <property name="dita.dir" value="${basedir}${file.separator}.."/>
  
  <!-- if file is a relative file name, the file name will be resolved 
       relative to the importing file -->
  <import file="${dita.dir}${file.separator}integrator.xml"/>
  
  <target name="@DELIVERABLE.NAME@2wordrtf" depends="integrate">
    <ant antfile="${dita.dir}${file.separator}build.xml" target="init">
      <!-- please refer to the toolkit's document for supported parameters, and 
           specify them base on your needs -->
      <property name="args.input" value="@DITA.INPUT@"/>
      <property name="output.dir" value="@OUTPUT.DIR@"/>
      <property name="transtype" value="wordrtf"/>
    </ant>
  </target>
</project>
