<?xml version="1.0" encoding="utf-8"?>
<!-- This file is part of the DITA Open Toolkit project hosted on 
    Sourceforge.net. See the accompanying license.txt file for 
    applicable licenses.-->
<!-- (c) Copyright IBM Corp. 2004, 2005 All Rights Reserved. -->

<strings xml:lang="ca-es">        <!-- Catalan -->

<!-- various labels (not author controlled) -->
<str name="Figure">Figura</str>
<str name="Table">Taula</str>
<str name="Next topic">Tema següent</str>
<str name="Previous topic">Tema anterior</str>
<str name="Parent topic">Tema principal</str>
<str name="Required cleanup">Per revisar</str>
<str name="Draft comment">Esborrany: comentaris</str>
<str name="Option">Opció</str>
<str name="Description">Descripció</str>
<str name="Optional">Opcional</str>
<str name="Required">Necessari</str>
<str name="Skip visual syntax diagram">Ometre l'esquema de sintaxi visual</str>
<str name="Read syntax diagram">Llegir l'esquema de sintaxi</str>
<str name="Start of change">Inici del canvi</str>
<str name="End of change">Fi del canvi</str>
<str name="Index">Índex</str>
<str name="Special characters">Caràcters Especials</str>
<str name="Numerics">Números</str>
<str name="End notes">Notes al peu</str>
<str name="Artwork">Gràfics</str>
<str name="Syntax">Sintaxi</str>
<str name="Type">Tipus</str>
<str name="Value">Valor</str>
<!-- Text that goes before a link to a topic -->
<str name="intro-to-topic-link">apartat</str>

<!-- peril notice labels -->
<str name="Note">Nota</str>
<str name="Notes">Notes</str>
<str name="Tip">Consell</str>
<str name="Fastpath">Drecera</str>
<str name="Important">Important</str>
<str name="Attention">Atenció</str>
<str name="Caution">PRECAUCIÓ</str>
<str name="Danger">PERILL</str>
<str name="Remember">Recordeu</str>
<str name="Restriction">Restricció</str>

<!-- default title text for section level generated sections -->
<str name="Contents">Contingut</str>
<str name="Related concepts">Conceptes relacionats</str>
<str name="Related tasks">Tasques relacionades</str>
<str name="Related reference">Referència relacionada</str>
<str name="Related information">Informació relacionada</str>

<str name="Prerequisite">Requisit</str>
<str name="Prerequisites">Requisits</str>
<str name="or">or</str>

<str name="Copyright">Copyright</str>

<!-- Symbols -->
<str name="OpenQuote">"</str>
<str name="CloseQuote">"</str>
<str name="ColonSymbol">:</str>

</strings>
