<?xml version="1.0" encoding="utf-8"?>
<!-- This file is part of the DITA Open Toolkit project hosted on 
    Sourceforge.net. See the accompanying license.txt file for 
    applicable licenses.-->
<!-- (c) Copyright IBM Corp. 2004, 2005 All Rights Reserved. -->

<strings xml:lang="zh-tw">        <!-- Traditional Chinese -->

<!-- various labels (not author controlled) -->
<str name="Figure">圖</str>
<str name="Table">表</str>
<str name="Next topic">下一個主題</str>
<str name="Previous topic">前一個主題</str>
<str name="Parent topic">上層主題</str>
<str name="Required cleanup">必要修正</str>
<str name="Draft comment">草稿註解</str>
<str name="Option">選項</str>
<str name="Description">敘述</str>
<str name="Optional">選擇性的</str>
<str name="Required">必要性的</str>
<str name="Skip visual syntax diagram">略過語法圖表</str>
<str name="Read syntax diagram">讀取語法圖表</str>
<str name="Start of change">蜊曹羲宎</str>
<str name="End of change">蜊曹賦旰</str>
<str name="Index">索引</str>
<str name="Special characters">特殊字元</str>
<str name="Numerics">數字</str>
<str name="End notes">結尾附註</str>
<str name="Artwork">插圖</str>
<str name="Syntax">語法</str>
<str name="Type">類型</str>
<str name="Value">值</str>
<!-- Text that goes before a link to a topic -->
<str name="intro-to-topic-link"></str>

<!-- peril notice labels -->
<str name="Note">註</str>
<str name="Notes">註</str>
<str name="Tip">提示</str>
<str name="Fastpath">捷徑</str>
<str name="Important">重要</str>
<str name="Attention">小心</str>
<str name="Caution">注意</str>
<str name="Danger">危險</str>
<str name="Remember">記住</str>
<str name="Restriction">限制</str>

<!-- default title text for section level generated sections -->
<str name="Contents">目錄</str>
<str name="Related concepts">相關概念</str>
<str name="Related tasks">相關工作</str>
<str name="Related reference">相關參考</str>
<str name="Related information">相關資訊</str>

<str name="Prerequisite">必讀</str>
<str name="Prerequisites">必讀</str>
<str name="or">或</str>

<str name="Copyright">Copyright</str>

<!-- Symbols -->
<str name="OpenQuote">"</str>
<str name="CloseQuote">"</str>
<str name="ColonSymbol">:</str>

</strings>
