<?xml version="1.0" encoding="utf-8"?>
<!-- This file is part of the DITA Open Toolkit project hosted on 
    Sourceforge.net. See the accompanying license.txt file for 
    applicable licenses.-->
<!-- (c) Copyright IBM Corp. 2004, 2005 All Rights Reserved. -->

<strings xml:lang="tr-tr">        <!-- Turkish -->

<!-- various labels (not author controlled) -->
<str name="Figure">Şekil</str>
<str name="Table">Çizelge</str>
<str name="Next topic">Sonraki</str>
<str name="Previous topic">Önceki</str>
<str name="Parent topic">Ana başlık</str>
<str name="Required cleanup">Düzeltilmeli</str>
<str name="Draft comment">Draft comment</str>
<str name="Option">Seçenek</str>
<str name="Description">Tanımlama</str>
<str name="Optional">İsteğe bağlı</str>
<str name="Required">Gerekli</str>
<str name="Skip visual syntax diagram">Görsel sözdizim çizgesini atla</str>
<str name="Read syntax diagram">Sözdizim çizgesini oku</str>
<str name="Start of change">Değişikliklerin başlangıcı</str>
<str name="End of change">Değişikliklerin bitişi</str>
<str name="Index">Dizin</str>
<str name="Special characters">Özel karakterler</str>
<str name="Numerics">Sayısallar</str>
<str name="End notes">Notların sonu</str>
<str name="Artwork">Şekil</str>
<str name="Syntax">Sözdizim</str>
<str name="Type">Tip</str>
<str name="Value">Değer</str>
<!-- Text that goes before a link to a topic -->
<str name="intro-to-topic-link"></str>

<!-- peril notice labels -->
<str name="Note">Not</str>
<str name="Notes">Notlar</str>
<str name="Tip">Tip</str>
<str name="Fastpath">Kısa yol</str>
<str name="Important">Önemli</str>
<str name="Attention">Uyarı</str>
<str name="Caution">DİKKAT</str>
<str name="Danger">TEHLİKE</str>
<str name="Remember">Unutmayın</str>
<str name="Restriction">Sınırlama</str>

<!-- default title text for section level generated sections -->
<str name="Contents">İçindekiler</str>
<str name="Related concepts">İlgili kavramlar</str>
<str name="Related tasks">İlgili görevler</str>
<str name="Related reference">İlgili başvurular</str>
<str name="Related information">İlgili bilgiler</str>

<str name="Prerequisite">Okunması Gerekenler</str>
<str name="Prerequisites">Okunması Gerekenler</str>
<str name="or">or</str>

<str name="Copyright">Copyright</str>

<!-- Symbols -->
<str name="OpenQuote">"</str>
<str name="CloseQuote">"</str>
<str name="ColonSymbol">:</str>

</strings>
