<?xml version="1.0" ?>
<catalog xmlns="urn:oasis:names:tc:entity:xmlns:xml:catalog">

  <system systemId="urn:oasis:names:tc:dita:xsd:topic.xsd:1.1"             uri="topic.xsd"/>
  <system systemId="urn:oasis:names:tc:dita:xsd:topicMod.xsd:1.1"          uri="topicMod.xsd"/>
  <system systemId="urn:oasis:names:tc:dita:xsd:topicGrp.xsd:1.1"          uri="topicGrp.xsd"/>
  
  <system systemId="urn:oasis:names:tc:dita:xsd:commonElementMod.xsd:1.1"  uri="commonElementMod.xsd"/>
  <system systemId="urn:oasis:names:tc:dita:xsd:commonElementGrp.xsd:1.1"  uri="commonElementGrp.xsd"/>
  
  <system systemId="urn:oasis:names:tc:dita:xsd:tblDeclMod.xsd:1.1"        uri="tblDeclMod.xsd"/>
  <system systemId="urn:oasis:names:tc:dita:xsd:tblDeclGrp.xsd:1.1"        uri="tblDeclGrp.xsd"/>
  
  <system systemId="urn:oasis:names:tc:dita:xsd:metaDeclMod.xsd:1.1"       uri="metaDeclMod.xsd"/>
  <system systemId="urn:oasis:names:tc:dita:xsd:metaDeclGrp.xsd:1.1"       uri="metaDeclGrp.xsd"/>
  
  <system systemId="urn:oasis:names:tc:dita:xsd:map.xsd:1.1"               uri="map.xsd"/>
  <system systemId="urn:oasis:names:tc:dita:xsd:mapMod.xsd:1.1"            uri="mapMod.xsd"/>
  <system systemId="urn:oasis:names:tc:dita:xsd:mapGrp.xsd:1.1"            uri="mapGrp.xsd"/>
  <system systemId="urn:oasis:names:tc:dita:xsd:mapGroupMod.xsd:1.1"       uri="mapGroupMod.xsd"/>
  
  <system systemId="urn:oasis:names:tc:dita:xsd:concept.xsd:1.1"           uri="concept.xsd"/>       
  <system systemId="urn:oasis:names:tc:dita:xsd:conceptMod.xsd:1.1"        uri="conceptMod.xsd"/>       
  <system systemId="urn:oasis:names:tc:dita:xsd:conceptGrp.xsd:1.1"        uri="conceptGrp.xsd"/>    
  
  <system systemId="urn:oasis:names:tc:dita:xsd:reference.xsd:1.1"         uri="reference.xsd"/>
  <system systemId="urn:oasis:names:tc:dita:xsd:referenceMod.xsd:1.1"      uri="referenceMod.xsd"/>
  <system systemId="urn:oasis:names:tc:dita:xsd:referenceGrp.xsd:1.1"      uri="referenceGrp.xsd"/>
  
  <system systemId="urn:oasis:names:tc:dita:xsd:task.xsd:1.1"              uri="task.xsd"/>
  <system systemId="urn:oasis:names:tc:dita:xsd:taskMod.xsd:1.1"           uri="taskMod.xsd"/>
  <system systemId="urn:oasis:names:tc:dita:xsd:taskGrp.xsd:1.1"           uri="taskGrp.xsd"/>
  
  <system systemId="urn:oasis:names:tc:dita:xsd:ditabase.xsd:1.1"          uri="ditabase.xsd"/>
  
  <system systemId="urn:oasis:names:tc:dita:xsd:glossary.xsd:1.1"  				 uri="glossary.xsd"/>
  <system systemId="urn:oasis:names:tc:dita:xsd:glossaryMod.xsd:1.1"       uri="glossaryMod.xsd"/>
  <system systemId="urn:oasis:names:tc:dita:xsd:glossaryGrp.xsd:1.1"       uri="glossaryGrp.xsd"/>
  
  <system systemId="urn:oasis:names:tc:dita:xsd:bookmap.xsd:1.1"           uri="bookmap.xsd"/>
  <system systemId="urn:oasis:names:tc:dita:xsd:bookmapMod.xsd:1.1"        uri="bookmapMod.xsd"/>
  <system systemId="urn:oasis:names:tc:dita:xsd:bookmapGrp.xsd:1.1"   		 uri="bookmapGrp.xsd"/>
  
  <system systemId="urn:oasis:names:tc:dita:xsd:indexingDomain.xsd:1.1"    uri="indexingDomain.xsd"/>
  <system systemId="urn:oasis:names:tc:dita:xsd:softwareDomain.xsd:1.1"    uri="softwareDomain.xsd"/>
  <system systemId="urn:oasis:names:tc:dita:xsd:programmingDomain.xsd:1.1" uri="programmingDomain.xsd"/>
  <system systemId="urn:oasis:names:tc:dita:xsd:highlightDomain.xsd:1.1"   uri="highlightDomain.xsd"/>
  <system systemId="urn:oasis:names:tc:dita:xsd:utilitiesDomain.xsd:1.1"   uri="utilitiesDomain.xsd"/>
  <system systemId="urn:oasis:names:tc:dita:xsd:uiDomain.xsd:1.1"          uri="uiDomain.xsd"/>
  <system systemId="urn:oasis:names:tc:dita:xsd:xnalDomain.xsd:1.1"        uri="xnalDomain.xsd"/>
  
  <system systemId="urn:oasis:names:tc:dita:xsd:ditaarch.xsd:1.1"          uri="ditaarch.xsd"/>
  <system systemId="urn:oasis:names:tc:dita:xsd:xml.xsd:1.1"               uri="xml.xsd"/>  
  
</catalog>
