<?xml version="1.0" encoding="utf-8"?>
<!-- This file is part of the DITA Open Toolkit project hosted on 
     Sourceforge.net. See the accompanying license.txt file for 
     applicable licenses.-->
<!-- (C) Copyright IBM Corporation 2001, 2005. All Rights Reserved.
 *-->
<!DOCTYPE concept PUBLIC "-//OASIS//DTD DITA Concept//EN"
 "../../dtd/concept.dtd">
<concept id="paintconcept" xml:lang="en-us">
<title>Paint</title>
<prolog></prolog><conbody><p>Paint is useful for refreshing the look of rooms and furniture. Store unused 
portions in the garage.</p></conbody>
<related-links>
<link href="../tasks/spraypainting.xml" format="dita" type="task"><linktext>Spray painting</linktext></link>
</related-links></concept>
