<?xml version="1.0" encoding="utf-8"?>
<!-- (c) Copyright IBM Corp. 2004, 2005 All Rights Reserved. -->
<!DOCTYPE topic PUBLIC "-//OASIS//DTD DITA Topic//EN"
 "../../dtd/topic.dtd">
<topic id="task_appendix" xml:lang="en-us">
<title>Appendix</title>
<shortdesc>This appendix describes things that you rarely need
to know.</shortdesc>
<body>
<note conref="task_preface.xml#task_preface/demo_bookmap"/>
<p>You can consult this section when you need detailed informatin
about a specific component. </p>
</body>
</topic>
