<project name="catalog"  basedir=".">
<!-- This file is part of the DITA Open Toolkit project hosted on 
     Sourceforge.net. See the accompanying license.txt file for 
     applicable licenses.-->
<!-- (c) Copyright IBM Corp. 2004, 2005 All Rights Reserved. -->
<!-- =============== DTD catalog =============== -->
<xmlcatalog id="dita.catalog">
  <!-- OASIS Topics -->
  <dtd publicId="-//OASIS//DTD DITA Concept//EN"
       location="${dita.dtd.dir}${file.separator}concept.dtd" />
  <dtd publicId="-//OASIS//ELEMENTS DITA Concept//EN"
       location="${dita.dtd.dir}${file.separator}concept.mod" />

  <dtd publicId="-//OASIS//DTD DITA Composite//EN"
       location="${dita.dtd.dir}${file.separator}ditabase.dtd" />

  <dtd publicId="-//OASIS//DTD DITA Reference//EN"
       location="${dita.dtd.dir}${file.separator}reference.dtd" />
  <dtd publicId="-//OASIS//ELEMENTS DITA Reference//EN"
       location="${dita.dtd.dir}${file.separator}reference.mod" />

  <dtd publicId="-//OASIS//DTD DITA Task//EN"
       location="${dita.dtd.dir}${file.separator}task.dtd" />
  <dtd publicId="-//OASIS//ELEMENTS DITA Task//EN"
       location="${dita.dtd.dir}${file.separator}task.mod" />

  <dtd publicId="-//OASIS//DTD DITA Topic//EN"
       location="${dita.dtd.dir}${file.separator}topic.dtd" />
  <dtd publicId="-//OASIS//ELEMENTS DITA Topic//EN"
       location="${dita.dtd.dir}${file.separator}topic.mod" />
  <dtd publicId="-//OASIS//ENTITIES DITA Topic Class//EN"
       location="${dita.dtd.dir}${file.separator}topicAttr.mod" />
  <dtd publicId="-//OASIS//ENTITIES DITA Topic Definitions//EN"
       location="${dita.dtd.dir}${file.separator}topicDefn.ent" />

  <!-- OASIS Maps -->
  <dtd publicId="-//OASIS//DTD DITA Map//EN"
       location="${dita.dtd.dir}${file.separator}map.dtd" />
  <dtd publicId="-//OASIS//Elements DITA Map//EN"
       location="${dita.dtd.dir}${file.separator}map.mod" />
  <dtd publicId="-//OASIS//ENTITIES DITA Map Group Domain//EN"
       location="${dita.dtd.dir}${file.separator}mapgroup.ent" />
  <dtd publicId="-//OASIS//ELEMENTS DITA Map Group Domain//EN"
       location="${dita.dtd.dir}${file.separator}mapgroup.mod" />
  <dtd publicid="-//OASIS//DTD DITA BookMap//EN"
       location="${dita.dtd.dir}${file.separator}bookmap.dtd"/>
  <dtd publicid="-//OASIS//ELEMENTS DITA BookMap//EN"
       location="${dita.dtd.dir}${file.separator}bookmap.mod"/>

  <!-- OASIS Domains -->
  <dtd publicId="-//OASIS//ELEMENTS DITA Highlight Domain//EN"
       location="${dita.dtd.dir}${file.separator}highlightDdomain.mod" />
  <dtd publicId="-//OASIS//ENTITIES DITA Highlight Domain//EN"
       location="${dita.dtd.dir}${file.separator}highlightDomain.ent" />

  <dtd publicId="-//OASIS//ELEMENTS DITA Programming Domain//EN"
       location="${dita.dtd.dir}${file.separator}programmingDomain.mod" />
  <dtd publicId="-//OASIS//ENTITIES DITA Programming Domain//EN"
       location="${dita.dtd.dir}${file.separator}programmingDomain.ent" />

  <dtd publicId="-//OASIS//ELEMENTS DITA Software Domain//EN"
       location="${dita.dtd.dir}${file.separator}softwareDomain.mod" />
  <dtd publicId="-//OASIS//ENTITIES DITA Software Domain//EN"
       location="${dita.dtd.dir}${file.separator}softwareDomain.ent" />

  <dtd publicId="-//OASIS//ELEMENTS DITA User Interface Domain//EN"
       location="${dita.dtd.dir}${file.separator}uiDomain.mod" />
  <dtd publicId="-//OASIS//ENTITIES DITA User Interface Domain//EN"
       location="${dita.dtd.dir}${file.separator}uiDomain.ent" />

  <dtd publicId="-//OASIS//ELEMENTS DITA Utilities Domain//EN"
       location="${dita.dtd.dir}${file.separator}utilitiesDomain.mod" />
  <dtd publicId="-//OASIS//ENTITIES DITA Utilities Domain//EN"
       location="${dita.dtd.dir}${file.separator}utilitiesDomain.ent" />
       
  <dtd publicId="-//OASIS//ELEMENTS DITA XNAL Domain//EN"
       location="${dita.dtd.dir}${file.separator}xnalDomain.mod"/>
  <dtd publicId="-//OASIS//ENTITIES DITA XNAL Domain//EN"
       location="${dita.dtd.dir}${file.separator}xnalDomain.ent"/>
       
  <dtd publicId="-//OASIS//ELEMENTS DITA Common Elements//EN"
       location="${dita.dtd.dir}${file.separator}commonElements.mod"/>
  <dtd publicId="-//OASIS//ENTITIES DITA Common Elements//EN"
       location="${dita.dtd.dir}${file.separator}commonElements.ent"/>
  <dtd publicId="-//OASIS//ELEMENTS DITA Metadata//EN"
       location="${dita.dtd.dir}${file.separator}metaDecl.mod"/>
  <dtd publicId="-//OASIS//ELEMENTS DITA CALS Tables//EN"
       location="${dita.dtd.dir}${file.separator}tblDecl.mod"/>
  <dtd publicId="-//OASIS//ELEMENTS DITA Exchange Table Model//EN"
       location="${dita.dtd.dir}${file.separator}tblDecl.mod"/>
  
  <!-- Topics -->
  <dtd publicId="-//IBM//DTD DITA Concept//EN"
       location="${dita.dtd.dir}${file.separator}dita132/concept.dtd" />
  <dtd publicId="-//IBM//ELEMENTS DITA Concept//EN"
       location="${dita.dtd.dir}${file.separator}dita132/concept.mod" />

  <dtd publicId="-//IBM//DTD DITA Composite//EN"
       location="${dita.dtd.dir}${file.separator}dita132/ditabase.dtd" />

  <dtd publicId="-//IBM//DTD DITA Reference//EN"
       location="${dita.dtd.dir}${file.separator}dita132/reference.dtd" />
  <dtd publicId="-//IBM//ELEMENTS DITA Reference//EN"
       location="${dita.dtd.dir}${file.separator}dita132/reference.mod" />

  <dtd publicId="-//IBM//DTD DITA Task//EN"
       location="${dita.dtd.dir}${file.separator}dita132/task.dtd" />
  <dtd publicId="-//IBM//ELEMENTS DITA Task//EN"
       location="${dita.dtd.dir}${file.separator}dita132/task.mod" />

  <dtd publicId="-//IBM//DTD DITA Topic//EN"
       location="${dita.dtd.dir}${file.separator}dita132/topic.dtd" />
  <dtd publicId="-//IBM//ELEMENTS DITA Topic//EN"
       location="${dita.dtd.dir}${file.separator}dita132/topic.mod" />
  <dtd publicId="-//IBM//ENTITIES DITA Topic Class//EN"
       location="${dita.dtd.dir}${file.separator}dita132/topic_class.ent" />
  <dtd publicId="-//IBM//ENTITIES DITA Topic Definitions//EN"
       location="${dita.dtd.dir}${file.separator}dita132/topic_defn.ent" />

  <!-- Maps -->
  <dtd publicId="-//IBM//DTD DITA Map//EN"
       location="${dita.dtd.dir}${file.separator}dita132/map.dtd" />
  <dtd publicId="-//IBM//Elements DITA Map//EN"
       location="${dita.dtd.dir}${file.separator}dita132/map.mod" />
  <dtd publicId="-//IBM//ENTITIES DITA Map Group Domain//EN"
       location="${dita.dtd.dir}${file.separator}dita132/mapgroup.ent" />
  <dtd publicId="-//IBM//ELEMENTS DITA Map Group Domain//EN"
       location="${dita.dtd.dir}${file.separator}dita132/mapgroup.mod" />

  <!-- Domains -->
  <dtd publicId="-//IBM//ELEMENTS DITA Highlight Domain//EN"
       location="${dita.dtd.dir}${file.separator}dita132/highlight-domain.mod" />
  <dtd publicId="-//IBM//ENTITIES DITA Highlight Domain//EN"
       location="${dita.dtd.dir}${file.separator}dita132/highlight-domain.ent" />

  <dtd publicId="-//IBM//ELEMENTS DITA Programming Domain//EN"
       location="${dita.dtd.dir}${file.separator}dita132/programming-domain.mod" />
  <dtd publicId="-//IBM//ENTITIES DITA Programming Domain//EN"
       location="${dita.dtd.dir}${file.separator}dita132/programming-domain.ent" />

  <dtd publicId="-//IBM//ELEMENTS DITA Software Domain//EN"
       location="${dita.dtd.dir}${file.separator}dita132/software-domain.mod" />
  <dtd publicId="-//IBM//ENTITIES DITA Software Domain//EN"
       location="${dita.dtd.dir}${file.separator}dita132/software-domain.ent" />

  <dtd publicId="-//IBM//ELEMENTS DITA User Interface Domain//EN"
       location="${dita.dtd.dir}${file.separator}dita132/ui-domain.mod" />
  <dtd publicId="-//IBM//ENTITIES DITA User Interface Domain//EN"
       location="${dita.dtd.dir}${file.separator}dita132/ui-domain.ent" />

  <dtd publicId="-//IBM//ELEMENTS DITA Utilities Domain//EN"
       location="${dita.dtd.dir}${file.separator}dita132/utilities-domain.mod" />
  <dtd publicId="-//IBM//ENTITIES DITA Utilities Domain//EN"
       location="${dita.dtd.dir}${file.separator}dita132/utilities-domain.ent" />

  <!-- Common -->
  <dtd publicId="-//IBM//ELEMENTS DITA Metadata//EN"
       location="${dita.dtd.dir}${file.separator}dita132/meta_xml.mod" />
  <dtd publicId="-//IBM//ELEMENTS DITA CALS Tables//EN"
       location="${dita.dtd.dir}${file.separator}dita132/tbl_xml.mod" />

  <!-- Experimental -->
  <dtd publicId="-//IBM//DTD DITA BookMap//EN"
       location="${dita.demo.book.dir}${file.separator}bookmap.dtd" />
  <dtd publicId="-//IBM//ELEMENTS DITA BookMap//EN"
       location="${dita.demo.book.dir}${file.separator}bookmap.mod" />
  <dtd publicId="-//IBM//DTD DITA Book Information//EN"
       location="${dita.demo.book.dir}${file.separator}bkinfo.dtd" />
  <dtd publicId="-//IBM//ELEMENTS DITA Book Information//EN"
       location="${dita.demo.book.dir}${file.separator}bkinfo.mod" />

  <dtd publicId="-//IBM//DTD DITA Element Reference//EN"
       location="${dita.demo.elementref.dir}${file.separator}elementref_shell.dtd" />
  <dtd publicId="-//IBM//ELEMENTS DITA Element Reference//EN"
       location="${dita.demo.elementref.dir}${file.separator}elementref.mod" />

  <dtd publicId="-//IBM//DTD DITA eNote//EN"
       location="${dita.demo.enote.dir}${file.separator}enote_shell.dtd" />
  <dtd publicId="-//IBM//ELEMENTS DITA eNote//EN"
       location="${dita.demo.enote.dir}${file.separator}enote.mod" />

  <dtd publicId="-//IBM//DTD DITA FAQ//EN"
       location="${dita.demo.faq.dir}${file.separator}faq_shell.dtd" />
  <dtd publicId="-//IBM//ELEMENTS DITA FAQ//EN"
       location="${dita.demo.faq.dir}${file.separator}faq.mod" />
</xmlcatalog>
</project>