<?xml version="1.0" encoding="UTF-8"?>
<!-- This file is part of the DITA Open Toolkit project hosted on 
     Sourceforge.net. See the accompanying license.txt file for 
     applicable licenses.-->
<!-- (c) Copyright IBM Corp. 2006 All Rights Reserved. -->
<project name="dita.integrator" default="integrate" basedir=".">
  
  <dirname property="ant.file.dita.integrator.dir" file="${ant.file.dita.integrator}"/>
  
  <!-- First try to initialize ${dita.dir} using the special 
       property passed by Ant's import task. -->
  <condition property="dita.dir" value="${ant.file.dita.integrator.dir}">
    <and>
      <isset property="ant.file.dita.integrator"/>
      <not>
        <isset property="dita.dir"/>
      </not>
    </and>
  </condition>
  
  <!-- Try to initialize ${dita.dir} again if it was not set. -->
  <condition property="dita.dir" value="${basedir}">
    <not>
      <isset property="dita.dir"/>
    </not>
  </condition>
  
  <path id="dost.class.path">
    <pathelement location="${dita.dir}${file.separator}lib${file.separator}dost.jar"/>
  </path>
  
  <taskdef name="integrate" classname="org.dita.dost.platform.IntegratorTask">
    <classpath refid="dost.class.path"/>
  </taskdef>
  
  <target name="integrate">
    <integrate basedir="${basedir}" ditadir="${dita.dir}"/>
  </target>
</project>